index,Connectivity,Matrix,Adj List
0,0,0.002261,0.000909
1,1,0.000775,0.000573
2,2,0.000770,0.000586
3,3,0.000767,0.000632
4,4,0.000762,0.000577
5,5,0.000759,0.000577
6,6,0.000805,0.000714
7,7,0.000771,0.000595
8,8,0.000749,0.000604
9,9,0.000754,0.000591
10,10,0.000758,0.000584
11,11,0.000755,0.000599
12,12,0.000771,0.000597
13,13,0.000763,0.000609
14,14,0.000806,0.000602
15,15,0.000758,0.000618
16,16,0.000859,0.000614
17,17,0.000780,0.000633
18,18,0.000770,0.000632
19,19,0.000759,0.000620
20,20,0.000756,0.000713
21,21,0.000777,0.000645
22,22,0.000759,0.000641
23,23,0.000761,0.000625
24,24,0.000752,0.000636
25,25,0.000862,0.000740
26,26,0.000767,0.000642
27,27,0.000780,0.000641
28,28,0.000756,0.000670
29,29,0.000795,0.000695
30,30,0.000778,0.000643
31,31,0.000763,0.000653
32,32,0.000764,0.000785
33,33,0.000812,0.000670
34,34,0.000763,0.000660
35,35,0.000786,0.000673
36,36,0.000774,0.000664
37,37,0.000986,0.000714
38,38,0.000767,0.000683
39,39,0.000922,0.000769
40,40,0.000779,0.000713
41,41,0.000767,0.000678
42,42,0.000835,0.000703
43,43,0.000757,0.000690
44,44,0.000792,0.000695
45,45,0.001353,0.000748
46,46,0.000785,0.000707
47,47,0.000773,0.000703
48,48,0.000766,0.000700
49,49,0.000764,0.000720
50,50,0.000764,0.000704
51,51,0.000861,0.000917
52,52,0.000784,0.000723
53,53,0.000768,0.000719
54,54,0.000785,0.000716
55,55,0.000822,0.000825
56,56,0.000774,0.000702
57,57,0.000762,0.000842
58,58,0.000798,0.000906
59,59,0.000774,0.000733
60,60,0.000758,0.000741
61,61,0.000944,0.000773
62,62,0.000773,0.000721
63,63,0.000759,0.000737
64,64,0.000925,0.000834
65,65,0.000775,0.000879
66,66,0.000774,0.000728
67,67,0.000766,0.000742
68,68,0.000800,0.000936
69,69,0.000776,0.000738
70,70,0.000778,0.000735
71,71,0.000764,0.000759
72,72,0.000797,0.000766
73,73,0.000767,0.000840
74,74,0.000762,0.000749
75,75,0.000770,0.000742
76,76,0.000869,0.000799
77,77,0.000762,0.000750
78,78,0.000823,0.000771
79,79,0.001145,0.000798
80,80,0.000772,0.000767
81,81,0.000771,0.000785
82,82,0.000831,0.000800
83,83,0.000770,0.000763
84,84,0.000765,0.000765
85,85,0.000768,0.000768
86,86,0.000775,0.000773
87,87,0.000754,0.000781
88,88,0.000774,0.000757
89,89,0.000759,0.000765
90,90,0.000764,0.000783
91,91,0.000765,0.000778
92,92,0.000791,0.000790
93,93,0.001378,0.001380
94,94,0.000760,0.000824
95,95,0.000770,0.000776
96,96,0.000761,0.000806
97,97,0.000791,0.000798
98,98,0.000754,0.000781
99,99,0.000766,0.000884
100,100,0.000802,0.000874
101,101,0.000836,0.000879
102,102,0.000790,0.000822
103,103,0.000787,0.000828
104,104,0.000799,0.000813
105,105,0.001307,0.001252
106,106,0.000848,0.000977
107,107,0.000811,0.000912
108,108,0.000803,0.000870
109,109,0.000827,0.001114
110,110,0.000809,0.000964
111,111,0.000816,0.000901
112,112,0.000815,0.000934
113,113,0.000801,0.000947
114,114,0.000773,0.000847
115,115,0.000816,0.000943
116,116,0.000778,0.000842
117,117,0.000933,0.001139
118,118,0.000818,0.000967
119,119,0.001399,0.001674
120,120,0.001501,0.001790
121,121,0.000886,0.001292
122,122,0.001372,0.001034
123,123,0.000817,0.001047
124,124,0.001183,0.000975
125,125,0.000828,0.000988
126,126,0.000855,0.001100
127,127,0.000801,0.000898
128,128,0.000840,0.000990
129,129,0.000852,0.001129
130,130,0.000797,0.000905
131,131,0.000829,0.001128
132,132,0.000811,0.001001
133,133,0.000815,0.000947
134,134,0.000837,0.001055
135,135,0.000849,0.001089
136,136,0.000837,0.001176
137,137,0.000907,0.002245
138,138,0.000850,0.001014
139,139,0.000854,0.001234
140,140,0.000833,0.000947
141,141,0.000843,0.001180
142,142,0.000795,0.000982
143,143,0.000807,0.000959
144,144,0.000807,0.001186
145,145,0.000821,0.000971
146,146,0.000845,0.001452
147,147,0.000849,0.000996
148,148,0.000837,0.001133
149,149,0.000822,0.000984
150,150,0.000852,0.000991
151,151,0.000815,0.000974
152,152,0.000827,0.000998
153,153,0.000805,0.001014
154,154,0.000826,0.001237
155,155,0.000797,0.001012
156,156,0.000831,0.001019
157,157,0.000819,0.001086
158,158,0.000826,0.001032
159,159,0.000807,0.001043
160,160,0.000826,0.001118
161,161,0.000838,0.001080
162,162,0.000833,0.001017
163,163,0.000815,0.001003
164,164,0.000832,0.001118
165,165,0.000831,0.001104
166,166,0.000805,0.000968
167,167,0.000814,0.001044
168,168,0.000863,0.001262
169,169,0.000860,0.001081
170,170,0.000952,0.001189
171,171,0.000843,0.001108
172,172,0.000816,0.001072
173,173,0.000835,0.001034
174,174,0.000789,0.000992
175,175,0.000837,0.001081
176,176,0.000806,0.001044
177,177,0.000826,0.001058
178,178,0.000841,0.001200
179,179,0.000843,0.001165
180,180,0.000872,0.001241
181,181,0.000862,0.001205
182,182,0.000856,0.001014
183,183,0.000813,0.001005
184,184,0.000838,0.001059
185,185,0.000846,0.001263
186,186,0.000823,0.001104
187,187,0.000835,0.001169
188,188,0.000815,0.001098
189,189,0.000846,0.001102
190,190,0.000833,0.001095
191,191,0.000794,0.001040
192,192,0.000822,0.001133
193,193,0.000834,0.001167
194,194,0.000842,0.001045
195,195,0.000818,0.001111
196,196,0.000836,0.001159
197,197,0.000808,0.001117
198,198,0.000836,0.001247
199,199,0.000812,0.001064
200,200,0.000858,0.001123
201,201,0.000940,0.001572
202,202,0.001520,0.001389
203,203,0.000836,0.001020
204,204,0.000842,0.001253
205,205,0.000806,0.001117
206,206,0.000850,0.001420
207,207,0.000812,0.001101
208,208,0.001378,0.002084
209,209,0.000873,0.001128
210,210,0.000843,0.001231
211,211,0.000838,0.001145
212,212,0.000827,0.001273
213,213,0.000926,0.001061
214,214,0.000838,0.001250
215,215,0.000802,0.001163
216,216,0.000811,0.001152
217,217,0.000835,0.001280
218,218,0.000830,0.001239
219,219,0.000851,0.001296
220,220,0.000797,0.001151
221,221,0.000889,0.001424
222,222,0.000827,0.001178
223,223,0.000849,0.001441
224,224,0.000825,0.001087
225,225,0.000819,0.001151
226,226,0.000823,0.001267
227,227,0.000817,0.001232
228,228,0.000843,0.001265
229,229,0.000839,0.001350
230,230,0.000836,0.001145
231,231,0.000816,0.001212
232,232,0.000826,0.001267
233,233,0.000825,0.001348
234,234,0.000862,0.001367
235,235,0.000866,0.001392
236,236,0.000808,0.001181
237,237,0.000831,0.001183
238,238,0.000881,0.001418
239,239,0.000829,0.001191
240,240,0.000807,0.001239
241,241,0.000822,0.001232
242,242,0.000808,0.001242
243,243,0.000831,0.001380
244,244,0.000812,0.001254
245,245,0.000864,0.001400
246,246,0.000835,0.001302
247,247,0.000838,0.001363
248,248,0.000849,0.001318
249,249,0.000867,0.001473
250,250,0.000851,0.001241
251,251,0.000837,0.001435
252,252,0.000825,0.001189
253,253,0.000855,0.001605
254,254,0.000915,0.001313
255,255,0.000878,0.001475
256,256,0.000955,0.001574
257,257,0.000936,0.001503
258,258,0.000815,0.001178
259,259,0.000865,0.001288
260,260,0.000823,0.001194
261,261,0.001536,0.002101
262,262,0.001571,0.001610
263,263,0.000863,0.001442
264,264,0.000937,0.001466
265,265,0.000849,0.001404
266,266,0.000831,0.001243
267,267,0.000853,0.001525
268,268,0.000853,0.001326
269,269,0.000848,0.001442
270,270,0.000824,0.001369
271,271,0.000883,0.001353
272,272,0.000836,0.001327
273,273,0.000836,0.001171
274,274,0.000834,0.001257
275,275,0.000848,0.001573
276,276,0.000825,0.001333
277,277,0.000854,0.001442
278,278,0.001003,0.001294
279,279,0.000896,0.001454
280,280,0.000870,0.001518
281,281,0.000885,0.001393
282,282,0.000845,0.001380
283,283,0.000977,0.001562
284,284,0.000856,0.001549
285,285,0.000836,0.001323
286,286,0.000846,0.001344
287,287,0.000833,0.001360
288,288,0.000842,0.001337
289,289,0.000839,0.001255
290,290,0.000832,0.001372
291,291,0.000910,0.001298
292,292,0.000843,0.001302
293,293,0.000820,0.001383
294,294,0.000851,0.001875
295,295,0.000834,0.001386
296,296,0.000818,0.001183
297,297,0.000863,0.001384
298,298,0.000966,0.001565
299,299,0.000830,0.001231
300,300,0.000859,0.001241
301,301,0.000862,0.001639
302,302,0.000872,0.001524
303,303,0.000856,0.001320
304,304,0.000849,0.001506
305,305,0.000831,0.001268
306,306,0.000849,0.001337
307,307,0.000862,0.001585
308,308,0.001467,0.002637
309,309,0.001655,0.002913
310,310,0.001603,0.003769
311,311,0.001733,0.002934
312,312,0.001701,0.002688
313,313,0.001598,0.002603
314,314,0.001676,0.002839
315,315,0.001790,0.002741
316,316,0.001703,0.003419
317,317,0.001755,0.003255
318,318,0.001708,0.002834
319,319,0.001604,0.002462
320,320,0.001624,0.002478
321,321,0.001588,0.003098
322,322,0.001642,0.002901
323,323,0.001722,0.002816
324,324,0.001675,0.002643
325,325,0.001615,0.003145
326,326,0.001729,0.004622
327,327,0.001585,0.002399
328,328,0.004645,0.002614
329,329,0.001661,0.002860
330,330,0.001729,0.002862
331,331,0.001950,0.002657
332,332,0.002455,0.003132
333,333,0.001568,0.002731
334,334,0.002776,0.006292
335,335,0.001635,0.002719
336,336,0.001737,0.002652
337,337,0.001670,0.002710
338,338,0.001670,0.002701
339,339,0.001713,0.003389
340,340,0.001655,0.002878
341,341,0.001645,0.002677
342,342,0.001633,0.002853
343,343,0.001615,0.007714
344,344,0.001786,0.003034
345,345,0.001869,0.006936
346,346,0.001681,0.003072
347,347,0.001725,0.002443
348,348,0.001658,0.002769
349,349,0.001669,0.003105
350,350,0.001626,0.008803
351,351,0.003065,0.004741
352,352,0.001583,0.002734
353,353,0.001760,0.003146
354,354,0.001669,0.002825
355,355,0.001735,0.002819
356,356,0.003934,0.003142
357,357,0.001643,0.002674
358,358,0.001724,0.002904
359,359,0.001451,0.002717
360,360,0.001721,0.003099
361,361,0.007879,0.005376
362,362,0.001729,0.003222
363,363,0.001708,0.003212
364,364,0.001677,0.005099
365,365,0.001688,0.002770
366,366,0.001640,0.002626
367,367,0.001741,0.002519
368,368,0.001688,0.003361
369,369,0.001660,0.003187
370,370,0.001670,0.002647
371,371,0.001531,0.013853
372,372,0.001854,0.003551
373,373,0.001526,0.002815
374,374,0.001744,0.003223
375,375,0.001731,0.003155
376,376,0.001684,0.002970
377,377,0.024131,0.013001
378,378,0.001656,0.007886
379,379,0.001519,0.011164
380,380,0.011709,0.004516
381,381,0.002049,0.003224
382,382,0.001705,0.009716
383,383,0.001762,0.002811
384,384,0.001694,0.003018
385,385,0.001668,0.002901
386,386,0.001771,0.003322
387,387,0.001667,0.002855
388,388,0.001704,0.002446
389,389,0.001689,0.003060
390,390,0.001650,0.023787
391,391,0.001747,0.003833
392,392,0.001713,0.012659
393,393,0.001762,0.003112
394,394,0.001652,0.003023
395,395,0.001743,0.002691
396,396,0.001661,0.003411
397,397,0.001761,0.031385
398,398,0.003249,0.005617
399,399,0.001809,0.003158
400,400,0.001655,0.002506
401,401,0.001638,0.003001
402,402,0.001622,0.005362
403,403,0.005463,0.002905
404,404,0.001676,0.003277
405,405,0.002365,0.003068
406,406,0.001652,0.003022
407,407,0.001691,0.020770
408,408,0.001594,0.012421
409,409,0.001605,0.003173
410,410,0.001682,0.002919
411,411,0.001554,0.009588
412,412,0.001636,0.002982
413,413,0.001622,0.002883
414,414,0.001555,0.002789
415,415,0.001716,0.003283
416,416,0.001762,0.003123
417,417,0.001737,0.003351
418,418,0.001693,0.003044
419,419,0.001663,0.003196
420,420,0.001700,0.002821
421,421,0.001711,0.003678
422,422,0.001594,0.002740
423,423,0.001543,0.002855
424,424,0.001638,0.002748
425,425,0.001593,0.009100
426,426,0.001627,0.002717
427,427,0.001592,0.011640
428,428,0.001636,0.003429
429,429,0.001710,0.003722
430,430,0.001595,0.007662
431,431,0.001617,0.002761
432,432,0.001681,0.002678
433,433,0.001620,0.002617
434,434,0.001671,0.002758
435,435,0.001696,0.002996
436,436,0.001661,0.003226
437,437,0.001636,0.002904
438,438,0.001695,0.002899
439,439,0.001654,0.003123
440,440,0.001812,0.003293
441,441,0.001694,0.003284
442,442,0.001723,0.003356
443,443,0.001713,0.008148
444,444,0.004274,0.003459
445,445,0.001713,0.002834
446,446,0.001752,0.003217
447,447,0.001712,0.020876
448,448,0.011793,0.003274
449,449,0.001601,0.013638
450,450,0.017381,0.003297
451,451,0.011471,0.003315
452,452,0.002035,0.003671
453,453,0.001737,0.003225
454,454,0.003552,0.002909
455,455,0.005966,0.006630
456,456,0.008647,0.003117
457,457,0.001608,0.002944
458,458,0.001632,0.002921
459,459,0.001606,0.002923
460,460,0.001803,0.003384
461,461,0.001473,0.002966
462,462,0.001766,0.003686
463,463,0.001756,0.003217
464,464,0.001813,0.003520
465,465,0.001758,0.003734
466,466,0.002491,0.004969
467,467,0.001659,0.003584
468,468,0.001684,0.003574
469,469,0.001717,0.003634
470,470,0.001787,0.003387
471,471,0.001754,0.011201
472,472,0.001753,0.003409
473,473,0.001720,0.003379
474,474,0.001695,0.003263
475,475,0.001674,0.002903
476,476,0.001692,0.003000
477,477,0.001682,0.003219
478,478,0.001750,0.004929
479,479,0.001696,0.003303
480,480,0.001699,0.003852
481,481,0.001671,0.003259
482,482,0.006775,0.010145
483,483,0.001697,0.003158
484,484,0.010473,0.003496
485,485,0.001648,0.003195
486,486,0.001722,0.004067
487,487,0.001702,0.003358
488,488,0.001730,0.003544
489,489,0.001820,0.004336
490,490,0.001571,0.008631
491,491,0.008831,0.012335
492,492,0.001468,0.002523
493,493,0.001751,0.003861
494,494,0.001690,0.003416
495,495,0.001679,0.003960
496,496,0.001565,0.003431
497,497,0.001738,0.004467
498,498,0.001627,0.003246
499,499,0.001735,0.003592
500,500,0.001200,0.003579
501,501,0.001750,0.003389
502,502,0.001749,0.003070
503,503,0.001741,0.003306
504,504,0.001682,0.003808
505,505,0.001717,0.003174
506,506,0.001813,0.003372
507,507,0.001858,0.003291
508,508,0.001688,0.006523
509,509,0.001728,0.003079
510,510,0.001712,0.002949
511,511,0.001622,0.003473
512,512,0.001671,0.003797
513,513,0.001833,0.003789
514,514,0.001729,0.003555
515,515,0.001782,0.003446
516,516,0.001821,0.003201
517,517,0.001787,0.003176
518,518,0.002371,0.003322
519,519,0.001639,0.003325
520,520,0.001603,0.003166
521,521,0.001725,0.003340
522,522,0.001699,0.003156
523,523,0.001651,0.007627
524,524,0.001706,0.002936
525,525,0.001658,0.003122
526,526,0.001592,0.003706
527,527,0.001673,0.003688
528,528,0.001634,0.003751
529,529,0.001648,0.003647
530,530,0.001555,0.002887
531,531,0.001818,0.003816
532,532,0.001776,0.006383
533,533,0.008924,0.004426
534,534,0.001725,0.003805
535,535,0.001657,0.002994
536,536,0.001808,0.003526
537,537,0.001763,0.010432
538,538,0.001725,0.004132
539,539,0.001811,0.003500
540,540,0.001647,0.003217
541,541,0.001680,0.008684
542,542,0.002407,0.002819
543,543,0.001728,0.007149
544,544,0.001656,0.003311
545,545,0.001699,0.003120
546,546,0.001841,0.003647
547,547,0.001697,0.006150
548,548,0.001359,0.003409
549,549,0.001637,0.003744
550,550,0.001669,0.003715
551,551,0.001747,0.003688
552,552,0.001935,0.003298
553,553,0.001784,0.003803
554,554,0.001779,0.003209
555,555,0.001771,0.004189
556,556,0.001724,0.003195
557,557,0.001732,0.003243
558,558,0.001774,0.003970
559,559,0.001713,0.003702
560,560,0.001720,0.003600
561,561,0.001725,0.003457
562,562,0.001801,0.003479
563,563,0.001719,0.004101
564,564,0.001589,0.003443
565,565,0.001757,0.003824
566,566,0.001935,0.004496
567,567,0.001790,0.004242
568,568,0.001683,0.011088
569,569,0.001756,0.003342
570,570,0.016148,0.003619
571,571,0.002018,0.009104
572,572,0.001687,0.003834
573,573,0.001712,0.004557
574,574,0.001972,0.003220
575,575,0.001752,0.004097
576,576,0.001189,0.003252
577,577,0.001694,0.003759
578,578,0.001696,0.003116
579,579,0.001791,0.003761
580,580,0.001641,0.002768
581,581,0.001787,0.004655
582,582,0.001772,0.004420
583,583,0.001678,0.003423
584,584,0.001766,0.003674
585,585,0.001725,0.004052
586,586,0.001761,0.003997
587,587,0.001740,0.010515
588,588,0.008848,0.003426
589,589,0.001844,0.009069
590,590,0.008417,0.003581
591,591,0.001775,0.003528
592,592,0.001772,0.003500
593,593,0.001708,0.004486
594,594,0.004358,0.014240
595,595,0.001714,0.004455
596,596,0.001626,0.003700
597,597,0.008877,0.007506
598,598,0.001597,0.003670
599,599,0.006779,0.003204
600,600,0.001943,0.003969
601,601,0.001575,0.003524
602,602,0.001675,0.003628
603,603,0.001794,0.011923
604,604,0.001832,0.004169
605,605,0.001730,0.003524
606,606,0.001886,0.003466
607,607,0.001692,0.003485
608,608,0.001808,0.011157
609,609,0.001785,0.003805
610,610,0.001780,0.004064
611,611,0.002049,0.014563
612,612,0.001676,0.003470
613,613,0.001792,0.003589
614,614,0.001718,0.003504
615,615,0.001742,0.004475
616,616,0.001663,0.003584
617,617,0.001726,0.004368
618,618,0.001704,0.004396
619,619,0.001735,0.003919
620,620,0.009704,0.002804
621,621,0.001824,0.004369
622,622,0.008849,0.004216
623,623,0.001758,0.007781
624,624,0.001688,0.003572
625,625,0.001766,0.004234
626,626,0.001739,0.003683
627,627,0.001719,0.003848
628,628,0.001701,0.003508
629,629,0.001995,0.003831
630,630,0.001836,0.004046
631,631,0.001754,0.003923
632,632,0.001790,0.003773
633,633,0.002735,0.004112
634,634,0.001678,0.003388
635,635,0.001680,0.004260
636,636,0.001747,0.004661
637,637,0.001958,0.004260
638,638,0.001655,0.003564
639,639,0.001775,0.003576
640,640,0.001688,0.004266
641,641,0.001670,0.003663
642,642,0.001690,0.010850
643,643,0.001830,0.003950
644,644,0.002390,0.004000
645,645,0.002430,0.005515
646,646,0.001809,0.003661
647,647,0.001820,0.003774
648,648,0.001808,0.004454
649,649,0.001632,0.004633
650,650,0.001735,0.010275
651,651,0.008924,0.004969
652,652,0.001757,0.008884
653,653,0.001797,0.007676
654,654,0.001802,0.010703
655,655,0.001773,0.004554
656,656,0.001814,0.004041
657,657,0.001714,0.004694
658,658,0.001740,0.004146
659,659,0.001686,0.004491
660,660,0.001799,0.004391
661,661,0.001757,0.004282
662,662,0.001650,0.004260
663,663,0.001759,0.004263
664,664,0.001769,0.005558
665,665,0.001819,0.011333
666,666,0.004884,0.009798
667,667,0.001780,0.019966
668,668,0.001695,0.004233
669,669,0.001838,0.004675
670,670,0.001783,0.005003
671,671,0.001738,0.011725
672,672,0.001614,0.011665
673,673,0.001741,0.011390
674,674,0.001570,0.004960
675,675,0.001793,0.004621
676,676,0.001708,0.004115
677,677,0.001701,0.004706
678,678,0.001765,0.004948
679,679,0.001646,0.004779
680,680,0.001713,0.004640
681,681,0.001678,0.004053
682,682,0.001553,0.003774
683,683,0.001741,0.004762
684,684,0.001694,0.004882
685,685,0.001765,0.004592
686,686,0.001699,0.004125
687,687,0.001777,0.005011
688,688,0.001678,0.007967
689,689,0.001665,0.004139
690,690,0.001583,0.004286
691,691,0.001987,0.004736
692,692,0.001834,0.005198
693,693,0.001807,0.004952
694,694,0.001676,0.005296
695,695,0.002095,0.004661
696,696,0.001606,0.004098
697,697,0.001608,0.004512
698,698,0.001818,0.004602
699,699,0.001742,0.004551
700,700,0.001741,0.005233
701,701,0.007717,0.006598
702,702,0.001706,0.004449
703,703,0.001721,0.004543
704,704,0.001806,0.005652
705,705,0.001759,0.004982
706,706,0.001709,0.004459
707,707,0.001755,0.004016
708,708,0.001715,0.008245
709,709,0.001819,0.012119
710,710,0.008880,0.003801
711,711,0.001815,0.004449
712,712,0.001699,0.005010
713,713,0.001940,0.005209
714,714,0.001800,0.011780
715,715,0.001698,0.007384
716,716,0.001728,0.005607
717,717,0.001970,0.004325
718,718,0.001309,0.004610
719,719,0.001815,0.004887
720,720,0.001806,0.004536
721,721,0.001818,0.004971
722,722,0.001770,0.012061
723,723,0.001782,0.011573
724,724,0.001807,0.011330
725,725,0.002987,0.005399
726,726,0.001633,0.004437
727,727,0.001817,0.004276
728,728,0.001840,0.004845
729,729,0.001747,0.004581
730,730,0.001768,0.004768
731,731,0.001848,0.005548
732,732,0.001636,0.005206
733,733,0.001728,0.012371
734,734,0.001803,0.005391
735,735,0.001722,0.004658
736,736,0.005558,0.004223
737,737,0.001659,0.004262
738,738,0.002064,0.004708
739,739,0.001818,0.015515
740,740,0.001709,0.004039
741,741,0.001766,0.004195
742,742,0.001849,0.010135
743,743,0.002768,0.012878
744,744,0.001779,0.004861
745,745,0.003672,0.005162
746,746,0.001896,0.005108
747,747,0.001792,0.004666
748,748,0.001688,0.020258
749,749,0.012801,0.015132
750,750,0.001765,0.014565
751,751,0.001711,0.014652
752,752,0.013771,0.005545
753,753,0.001690,0.011544
754,754,0.001909,0.005059
755,755,0.001901,0.005375
756,756,0.001929,0.005566
757,757,0.001985,0.005534
758,758,0.003845,0.012566
759,759,0.000957,0.002082
760,760,0.000920,0.002719
761,761,0.000906,0.002410
762,762,0.000895,0.002515
763,763,0.000889,0.002507
764,764,0.000931,0.002935
765,765,0.000955,0.002952
766,766,0.000912,0.002512
767,767,0.000921,0.002885
768,768,0.000916,0.002524
769,769,0.000923,0.002853
770,770,0.000930,0.002515
771,771,0.000969,0.002515
772,772,0.000931,0.002400
773,773,0.000912,0.002634
774,774,0.000913,0.002579
775,775,0.000896,0.002537
776,776,0.000936,0.002394
777,777,0.000925,0.002377
778,778,0.000915,0.002453
779,779,0.000917,0.002678
780,780,0.000882,0.002053
781,781,0.000953,0.002607
782,782,0.000917,0.002525
783,783,0.000928,0.002622
784,784,0.001220,0.003851
785,785,0.001037,0.002566
786,786,0.000919,0.002548
787,787,0.001750,0.004186
788,788,0.000915,0.002699
789,789,0.000910,0.002681
790,790,0.000901,0.003328
791,791,0.000900,0.002501
792,792,0.000904,0.002532
793,793,0.000920,0.002442
794,794,0.000901,0.002775
795,795,0.001053,0.002588
796,796,0.000923,0.002599
797,797,0.000890,0.002656
798,798,0.000932,0.003143
799,799,0.000947,0.002943
800,800,0.000943,0.002369
801,801,0.000921,0.003171
802,802,0.000917,0.002803
803,803,0.000896,0.002800
804,804,0.000908,0.002739
805,805,0.001351,0.004434
806,806,0.000994,0.002450
807,807,0.000920,0.002988
808,808,0.000924,0.002509
809,809,0.000902,0.002793
810,810,0.000933,0.002698
811,811,0.000922,0.002449
812,812,0.000898,0.002324
813,813,0.000925,0.002823
814,814,0.000927,0.002776
815,815,0.000933,0.002664
816,816,0.000924,0.002791
817,817,0.000915,0.002787
818,818,0.000921,0.002807
819,819,0.000925,0.003125
820,820,0.000940,0.002483
821,821,0.000934,0.003049
822,822,0.000925,0.002740
823,823,0.000924,0.002577
824,824,0.000902,0.002331
825,825,0.000935,0.002572
826,826,0.000926,0.002915
827,827,0.000903,0.002302
828,828,0.000916,0.002800
829,829,0.000931,0.002562
830,830,0.001207,0.002762
831,831,0.000961,0.002729
832,832,0.000953,0.002868
833,833,0.000923,0.002998
834,834,0.000931,0.002704
835,835,0.001161,0.003863
836,836,0.000969,0.002822
837,837,0.000925,0.002874
838,838,0.000918,0.002751
839,839,0.000945,0.002706
840,840,0.000897,0.002605
841,841,0.000909,0.002595
842,842,0.000931,0.002918
843,843,0.000932,0.002917
844,844,0.000910,0.002737
845,845,0.000954,0.002888
846,846,0.000905,0.002433
847,847,0.000920,0.002753
848,848,0.001016,0.002781
849,849,0.000919,0.002625
850,850,0.000942,0.002607
851,851,0.000932,0.002798
852,852,0.000939,0.003276
853,853,0.000928,0.002664
854,854,0.000930,0.003093
855,855,0.001026,0.002802
856,856,0.000940,0.002869
857,857,0.000959,0.002883
858,858,0.000951,0.002684
859,859,0.000930,0.002939
860,860,0.000935,0.002640
861,861,0.000950,0.002747
862,862,0.000913,0.002621
863,863,0.000901,0.002340
864,864,0.000940,0.002940
865,865,0.000927,0.002771
866,866,0.000996,0.002816
867,867,0.000929,0.003053
868,868,0.000956,0.002888
869,869,0.000923,0.002822
870,870,0.000931,0.003313
871,871,0.000932,0.003852
872,872,0.000896,0.002995
873,873,0.000931,0.003122
874,874,0.000966,0.002950
875,875,0.000890,0.002400
876,876,0.000934,0.002953
877,877,0.000932,0.002864
878,878,0.000943,0.003035
879,879,0.000932,0.002561
880,880,0.000939,0.004276
881,881,0.001835,0.005147
882,882,0.000953,0.002762
883,883,0.001073,0.002761
884,884,0.000938,0.003087
885,885,0.000930,0.003061
886,886,0.000940,0.003291
887,887,0.001079,0.002713
888,888,0.000969,0.002964
889,889,0.000893,0.003626
890,890,0.000958,0.002870
891,891,0.000931,0.002534
892,892,0.000926,0.002528
893,893,0.000940,0.003013
894,894,0.000929,0.002465
895,895,0.000948,0.002922
896,896,0.000929,0.002618
897,897,0.000913,0.002581
898,898,0.000950,0.003162
899,899,0.000937,0.002829
900,900,0.000928,0.002686
901,901,0.000931,0.003008
902,902,0.000938,0.002591
903,903,0.000934,0.003557
904,904,0.000935,0.002985
905,905,0.000958,0.002670
906,906,0.000982,0.003749
907,907,0.000944,0.003021
908,908,0.001054,0.003186
909,909,0.000995,0.005339
910,910,0.000945,0.002748
911,911,0.000941,0.002982
912,912,0.000973,0.002735
913,913,0.000921,0.002682
914,914,0.000937,0.002836
915,915,0.000933,0.002724
916,916,0.000936,0.002642
917,917,0.000982,0.002991
918,918,0.000904,0.002486
919,919,0.000966,0.003115
920,920,0.000959,0.002640
921,921,0.000946,0.003031
922,922,0.000938,0.003060
923,923,0.000966,0.002635
924,924,0.000915,0.002745
925,925,0.000913,0.002640
926,926,0.000906,0.002635
927,927,0.000944,0.002543
928,928,0.000919,0.002942
929,929,0.001088,0.003810
930,930,0.000956,0.002855
931,931,0.001383,0.003172
932,932,0.000900,0.003203
933,933,0.000951,0.002940
934,934,0.000911,0.002991
935,935,0.000956,0.003232
936,936,0.000938,0.002979
937,937,0.000916,0.002815
938,938,0.000936,0.003101
939,939,0.000940,0.003199
940,940,0.000935,0.003375
941,941,0.000933,0.003150
942,942,0.001181,0.002902
943,943,0.001151,0.002981
944,944,0.000923,0.003064
945,945,0.000925,0.002755
946,946,0.000935,0.003019
947,947,0.000945,0.003175
948,948,0.001141,0.002880
949,949,0.000923,0.002699
950,950,0.000942,0.003042
951,951,0.000953,0.002953
952,952,0.000940,0.003193
953,953,0.000942,0.002820
954,954,0.000931,0.002576
955,955,0.000923,0.002387
956,956,0.000949,0.002676
957,957,0.000942,0.002450
958,958,0.000953,0.002944
959,959,0.000946,0.003114
960,960,0.000930,0.002845
961,961,0.001296,0.002839
962,962,0.000938,0.002688
963,963,0.000941,0.002645
964,964,0.001021,0.003158
965,965,0.000963,0.003239
966,966,0.000955,0.002883
967,967,0.000987,0.003274
968,968,0.000928,0.002873
969,969,0.000917,0.002708
970,970,0.000922,0.003001
971,971,0.000953,0.002986
972,972,0.000945,0.002940
973,973,0.001742,0.005137
974,974,0.000967,0.003049
975,975,0.000889,0.002523
976,976,0.000943,0.002756
977,977,0.000953,0.003209
978,978,0.000980,0.002967
979,979,0.000944,0.003030
980,980,0.001273,0.003148
981,981,0.000942,0.002867
982,982,0.000951,0.002748
983,983,0.000916,0.002534
984,984,0.000997,0.002931
985,985,0.000936,0.002386
986,986,0.000962,0.003241
987,987,0.000930,0.003083
988,988,0.000957,0.002996
989,989,0.000919,0.003345
990,990,0.000936,0.002883
991,991,0.000938,0.003124
992,992,0.000980,0.002947
993,993,0.000936,0.003021
994,994,0.000940,0.002713
995,995,0.000943,0.003071
996,996,0.000944,0.003840
997,997,0.000959,0.003084
998,998,0.001247,0.003309
999,999,0.000951,0.003055
1000,1000,0.000943,0.002951
1001,1001,0.000951,0.003214
1002,1002,0.000938,0.003060
1003,1003,0.000967,0.002790
1004,1004,0.000941,0.002881
1005,1005,0.000966,0.003411
1006,1006,0.000945,0.002998
1007,1007,0.000968,0.003111
1008,1008,0.001071,0.003298
1009,1009,0.001051,0.003053
1010,1010,0.001038,0.003060
1011,1011,0.001058,0.003043
1012,1012,0.001027,0.002924
1013,1013,0.000959,0.003261
1014,1014,0.001001,0.002521
1015,1015,0.001313,0.003552
1016,1016,0.001184,0.003122
1017,1017,0.001151,0.002890
1018,1018,0.001162,0.002887
1019,1019,0.001159,0.002948
1020,1020,0.001169,0.003198
1021,1021,0.001224,0.003444
1022,1022,0.001167,0.003215
1023,1023,0.001170,0.003053
1024,1024,0.001121,0.003254
1025,1025,0.001226,0.003305
1026,1026,0.001113,0.003076
1027,1027,0.001162,0.003212
1028,1028,0.001122,0.003032
1029,1029,0.001128,0.003092
1030,1030,0.001382,0.003220
1031,1031,0.001237,0.003359
1032,1032,0.001156,0.002995
1033,1033,0.001136,0.003129
1034,1034,0.001145,0.002976
1035,1035,0.001646,0.003557
1036,1036,0.000945,0.003020
1037,1037,0.000982,0.003269
1038,1038,0.000952,0.003114
1039,1039,0.000970,0.002696
1040,1040,0.000953,0.005456
1041,1041,0.000951,0.003129
1042,1042,0.000963,0.002949
1043,1043,0.000931,0.002981
1044,1044,0.000949,0.003198
1045,1045,0.000951,0.003189
1046,1046,0.000959,0.003430
1047,1047,0.001011,0.003792
1048,1048,0.000953,0.003481
1049,1049,0.000957,0.003535
1050,1050,0.000965,0.002977
1051,1051,0.000955,0.003253
1052,1052,0.000958,0.003231
1053,1053,0.000975,0.003316
1054,1054,0.000952,0.006475
1055,1055,0.001709,0.003374
1056,1056,0.000949,0.003248
1057,1057,0.000946,0.003285
1058,1058,0.000956,0.003342
1059,1059,0.000952,0.003590
1060,1060,0.001135,0.005085
1061,1061,0.001106,0.003421
1062,1062,0.000966,0.003580
1063,1063,0.000969,0.003558
1064,1064,0.000946,0.003337
1065,1065,0.000930,0.003018
1066,1066,0.000965,0.003511
1067,1067,0.000955,0.003646
1068,1068,0.000994,0.003470
1069,1069,0.000972,0.003837
1070,1070,0.000971,0.003431
1071,1071,0.000948,0.003167
1072,1072,0.000969,0.003000
1073,1073,0.001068,0.003480
1074,1074,0.000971,0.003536
1075,1075,0.001018,0.003391
1076,1076,0.000956,0.002995
1077,1077,0.000973,0.003613
1078,1078,0.000949,0.003379
1079,1079,0.000987,0.003687
1080,1080,0.001002,0.003357
1081,1081,0.000944,0.003556
1082,1082,0.001261,0.003679
1083,1083,0.000970,0.002902
1084,1084,0.001017,0.003367
1085,1085,0.000938,0.003306
1086,1086,0.001476,0.003407
1087,1087,0.001198,0.003585
1088,1088,0.001182,0.003584
1089,1089,0.001156,0.003352
1090,1090,0.001146,0.003630
1091,1091,0.001159,0.003751
1092,1092,0.001143,0.003626
1093,1093,0.001128,0.003282
1094,1094,0.001241,0.004207
1095,1095,0.001194,0.003683
1096,1096,0.000957,0.003746
1097,1097,0.000951,0.003461
1098,1098,0.001083,0.003705
1099,1099,0.001627,0.003292
1100,1100,0.001132,0.003438
1101,1101,0.000974,0.003524
1102,1102,0.000943,0.003525
1103,1103,0.000981,0.003667
1104,1104,0.000962,0.003564
1105,1105,0.000934,0.003138
1106,1106,0.000940,0.003663
1107,1107,0.000977,0.003649
1108,1108,0.000953,0.003358
1109,1109,0.000943,0.003654
1110,1110,0.000981,0.003588
1111,1111,0.000935,0.003332
1112,1112,0.000990,0.003389
1113,1113,0.000957,0.003748
1114,1114,0.000939,0.003093
1115,1115,0.001010,0.003414
1116,1116,0.000959,0.003862
1117,1117,0.001229,0.003550
1118,1118,0.000944,0.003439
1119,1119,0.000967,0.003930
1120,1120,0.000966,0.003123
1121,1121,0.000960,0.003905
1122,1122,0.000982,0.004269
1123,1123,0.000985,0.003688
1124,1124,0.000952,0.003284
1125,1125,0.000951,0.003660
1126,1126,0.000983,0.003571
1127,1127,0.000947,0.003235
1128,1128,0.000974,0.003285
1129,1129,0.000943,0.003779
1130,1130,0.000962,0.003347
1131,1131,0.000960,0.003768
1132,1132,0.000977,0.003524
1133,1133,0.000953,0.003408
1134,1134,0.001212,0.003503
1135,1135,0.000958,0.003278
1136,1136,0.001090,0.003406
1137,1137,0.000971,0.003917
1138,1138,0.002015,0.006246
1139,1139,0.001107,0.003884
1140,1140,0.000965,0.003528
1141,1141,0.000958,0.003251
1142,1142,0.000967,0.003651
1143,1143,0.000953,0.003590
1144,1144,0.000992,0.003367
1145,1145,0.000961,0.003892
1146,1146,0.001322,0.003513
1147,1147,0.000958,0.003243
1148,1148,0.000939,0.003110
1149,1149,0.000970,0.003893
1150,1150,0.000974,0.003791
1151,1151,0.001295,0.003399
1152,1152,0.001070,0.003789
1153,1153,0.000965,0.003419
1154,1154,0.000956,0.003701
1155,1155,0.000959,0.003564
1156,1156,0.000964,0.003931
1157,1157,0.001010,0.004054
1158,1158,0.000981,0.003656
1159,1159,0.000976,0.003582
1160,1160,0.000957,0.003675
1161,1161,0.000960,0.003581
1162,1162,0.000978,0.003499
1163,1163,0.000960,0.003864
1164,1164,0.000968,0.003440
1165,1165,0.000964,0.003983
1166,1166,0.001126,0.003888
1167,1167,0.000959,0.003626
1168,1168,0.001280,0.003569
1169,1169,0.000966,0.003580
1170,1170,0.000954,0.003452
1171,1171,0.001692,0.006384
1172,1172,0.001815,0.006634
1173,1173,0.001008,0.003763
1174,1174,0.000956,0.003791
1175,1175,0.000981,0.003548
1176,1176,0.001090,0.003807
1177,1177,0.000958,0.003815
1178,1178,0.000960,0.003668
1179,1179,0.000960,0.003667
1180,1180,0.000976,0.004277
1181,1181,0.001084,0.003953
1182,1182,0.001002,0.003812
1183,1183,0.000981,0.004139
1184,1184,0.000965,0.003531
1185,1185,0.001008,0.004083
1186,1186,0.001661,0.003793
1187,1187,0.000959,0.004021
1188,1188,0.000937,0.003571
1189,1189,0.000972,0.003723
1190,1190,0.001038,0.003726
1191,1191,0.000975,0.003718
1192,1192,0.000993,0.003819
1193,1193,0.000961,0.003983
1194,1194,0.000948,0.004692
1195,1195,0.000985,0.003492
1196,1196,0.000981,0.003549
1197,1197,0.000971,0.003650
1198,1198,0.001079,0.003728
1199,1199,0.000977,0.003540
1200,1200,0.000951,0.003841
1201,1201,0.000988,0.003807
1202,1202,0.000963,0.004379
1203,1203,0.001331,0.003934
1204,1204,0.000953,0.003568
1205,1205,0.000958,0.003630
1206,1206,0.000993,0.003463
1207,1207,0.000969,0.003618
1208,1208,0.000976,0.003490
1209,1209,0.000972,0.003874
1210,1210,0.001234,0.003241
1211,1211,0.000991,0.003699
1212,1212,0.000971,0.003600
1213,1213,0.001793,0.005048
1214,1214,0.001004,0.003708
1215,1215,0.000956,0.003417
1216,1216,0.000959,0.003566
1217,1217,0.000978,0.003485
1218,1218,0.000978,0.003853
1219,1219,0.000969,0.003905
1220,1220,0.000973,0.003993
1221,1221,0.000977,0.003979
1222,1222,0.000974,0.004022
1223,1223,0.000977,0.003676
1224,1224,0.000966,0.003442
1225,1225,0.000968,0.003889
1226,1226,0.000973,0.004493
1227,1227,0.000961,0.003468
1228,1228,0.000975,0.003763
1229,1229,0.000977,0.004508
1230,1230,0.000967,0.003695
1231,1231,0.001036,0.003957
1232,1232,0.000967,0.003518
1233,1233,0.000965,0.003768
1234,1234,0.000978,0.003727
1235,1235,0.000956,0.003990
1236,1236,0.000974,0.003689
1237,1237,0.000973,0.003963
1238,1238,0.001495,0.003837
1239,1239,0.001200,0.003545
1240,1240,0.001179,0.003690
1241,1241,0.001160,0.004001
1242,1242,0.001175,0.003877
1243,1243,0.001170,0.003318
1244,1244,0.001185,0.004507
1245,1245,0.001172,0.003660
1246,1246,0.000988,0.003937
1247,1247,0.001002,0.003689
1248,1248,0.000994,0.003810
1249,1249,0.001010,0.003515
1250,1250,0.000966,0.003281
1251,1251,0.000982,0.003631
1252,1252,0.001004,0.003658
1253,1253,0.000966,0.003419
1254,1254,0.000980,0.003802
1255,1255,0.000970,0.003721
1256,1256,0.000969,0.003789
1257,1257,0.000997,0.003561
1258,1258,0.000979,0.003714
1259,1259,0.001257,0.003929
1260,1260,0.000991,0.003850
1261,1261,0.000962,0.003947
1262,1262,0.000997,0.004323
1263,1263,0.000972,0.003892
1264,1264,0.000989,0.003787
1265,1265,0.000976,0.003614
1266,1266,0.000970,0.003732
1267,1267,0.000996,0.003842
1268,1268,0.000973,0.003855
1269,1269,0.000954,0.004765
1270,1270,0.001042,0.004192
1271,1271,0.000991,0.003894
1272,1272,0.000977,0.003472
1273,1273,0.000993,0.003968
1274,1274,0.000975,0.004005
1275,1275,0.001028,0.003711
1276,1276,0.001019,0.003734
1277,1277,0.000988,0.003913
1278,1278,0.000992,0.003587
1279,1279,0.000980,0.003638
1280,1280,0.000968,0.003642
1281,1281,0.000988,0.004076
1282,1282,0.001015,0.004021
1283,1283,0.000983,0.003882
1284,1284,0.001075,0.004043
1285,1285,0.001002,0.004029
1286,1286,0.000993,0.003681
1287,1287,0.001165,0.003961
1288,1288,0.000976,0.004070
1289,1289,0.000978,0.003830
1290,1290,0.000951,0.003643
1291,1291,0.000987,0.003565
1292,1292,0.001358,0.003567
1293,1293,0.001015,0.003848
1294,1294,0.001882,0.007315
1295,1295,0.001041,0.004086
1296,1296,0.000990,0.003912
1297,1297,0.000980,0.004036
1298,1298,0.000984,0.003783
1299,1299,0.000985,0.003929
1300,1300,0.001091,0.003819
1301,1301,0.000992,0.003864
1302,1302,0.001296,0.003781
1303,1303,0.001028,0.004038
1304,1304,0.001001,0.004176
1305,1305,0.000978,0.004122
1306,1306,0.000988,0.003793
1307,1307,0.001084,0.004020
1308,1308,0.001343,0.004717
1309,1309,0.001118,0.003906
1310,1310,0.001008,0.004144
1311,1311,0.001032,0.003800
1312,1312,0.000986,0.004047
1313,1313,0.001031,0.004221
1314,1314,0.001000,0.003734
1315,1315,0.001016,0.003938
1316,1316,0.000989,0.003814
1317,1317,0.000995,0.004040
1318,1318,0.001541,0.004602
1319,1319,0.001220,0.004482
1320,1320,0.001196,0.004396
1321,1321,0.002253,0.003948
1322,1322,0.001126,0.004286
1323,1323,0.001132,0.004208
1324,1324,0.001019,0.004070
1325,1325,0.001602,0.005121
1326,1326,0.000963,0.003847
1327,1327,0.000993,0.004150
1328,1328,0.000999,0.003859
1329,1329,0.001026,0.004078
1330,1330,0.000996,0.004184
1331,1331,0.001130,0.003972
1332,1332,0.001002,0.004273
1333,1333,0.001041,0.004031
1334,1334,0.000980,0.003849
1335,1335,0.001007,0.004196
1336,1336,0.000970,0.004124
1337,1337,0.001012,0.003919
1338,1338,0.000980,0.003950
1339,1339,0.001024,0.004540
1340,1340,0.000993,0.004083
1341,1341,0.000987,0.004015
1342,1342,0.000974,0.004057
1343,1343,0.000999,0.003703
1344,1344,0.001006,0.004147
1345,1345,0.001184,0.003762
1346,1346,0.001010,0.003900
1347,1347,0.001455,0.004954
1348,1348,0.000983,0.004026
1349,1349,0.001005,0.003950
1350,1350,0.001037,0.003706
1351,1351,0.000995,0.003693
1352,1352,0.001015,0.004121
1353,1353,0.001551,0.003970
1354,1354,0.001005,0.004375
1355,1355,0.001301,0.003729
1356,1356,0.000990,0.003967
1357,1357,0.000989,0.003899
1358,1358,0.001009,0.004212
1359,1359,0.001042,0.004086
1360,1360,0.001017,0.003943
1361,1361,0.001007,0.004040
1362,1362,0.001000,0.004599
1363,1363,0.001298,0.004271
1364,1364,0.001013,0.004021
1365,1365,0.001044,0.005329
1366,1366,0.001883,0.005860
1367,1367,0.001022,0.004067
1368,1368,0.001001,0.004138
1369,1369,0.000992,0.004070
1370,1370,0.000986,0.003826
1371,1371,0.001001,0.003983
1372,1372,0.000993,0.003772
1373,1373,0.000992,0.003935
1374,1374,0.001234,0.004076
1375,1375,0.001054,0.003955
1376,1376,0.000988,0.004114
1377,1377,0.001058,0.004040
1378,1378,0.001063,0.004305
1379,1379,0.001100,0.004066
1380,1380,0.001417,0.004211
1381,1381,0.001109,0.004414
1382,1382,0.001229,0.004535
1383,1383,0.001097,0.004260
1384,1384,0.001073,0.004027
1385,1385,0.001076,0.003621
1386,1386,0.001371,0.004364
1387,1387,0.001115,0.004226
1388,1388,0.001073,0.004361
1389,1389,0.001110,0.004055
1390,1390,0.001159,0.004710
1391,1391,0.001144,0.004299
1392,1392,0.001146,0.004474
1393,1393,0.001144,0.004542
1394,1394,0.001089,0.003981
1395,1395,0.001123,0.004775
1396,1396,0.001125,0.004279
1397,1397,0.001097,0.003882
1398,1398,0.001188,0.004289
1399,1399,0.001131,0.004277
1400,1400,0.001125,0.004510
1401,1401,0.001176,0.004383
1402,1402,0.001152,0.004499
1403,1403,0.001217,0.004512
1404,1404,0.001145,0.004667
1405,1405,0.001158,0.004155
1406,1406,0.001131,0.004539
1407,1407,0.001183,0.004218
1408,1408,0.001163,0.004637
1409,1409,0.001169,0.004989
1410,1410,0.001607,0.004972
1411,1411,0.001327,0.004612
1412,1412,0.001402,0.004310
1413,1413,0.001333,0.005202
1414,1414,0.002109,0.005303
1415,1415,0.001147,0.004398
1416,1416,0.001158,0.004378
1417,1417,0.001122,0.003912
1418,1418,0.001218,0.004453
1419,1419,0.001212,0.004264
1420,1420,0.001151,0.004560
1421,1421,0.001166,0.004473
1422,1422,0.001273,0.004558
1423,1423,0.001215,0.004660
1424,1424,0.001170,0.004226
1425,1425,0.001501,0.004147
1426,1426,0.001139,0.004661
1427,1427,0.001187,0.004124
1428,1428,0.001169,0.004562
1429,1429,0.001169,0.004572
1430,1430,0.001150,0.004256
1431,1431,0.001185,0.004473
1432,1432,0.001211,0.004069
1433,1433,0.001163,0.004348
1434,1434,0.001348,0.006036
1435,1435,0.001148,0.004429
1436,1436,0.001148,0.004410
1437,1437,0.001161,0.004742
1438,1438,0.001168,0.004197
1439,1439,0.001156,0.004208
1440,1440,0.001157,0.004746
1441,1441,0.001232,0.004732
1442,1442,0.001169,0.004617
1443,1443,0.001160,0.004313
1444,1444,0.001117,0.004058
1445,1445,0.001131,0.005109
1446,1446,0.001149,0.004465
1447,1447,0.001174,0.004552
1448,1448,0.001302,0.004644
1449,1449,0.001507,0.004331
1450,1450,0.001225,0.004279
1451,1451,0.001157,0.004872
1452,1452,0.001169,0.004261
1453,1453,0.001147,0.004616
1454,1454,0.001210,0.004338
1455,1455,0.001173,0.004413
1456,1456,0.001172,0.004517
1457,1457,0.001151,0.004368
1458,1458,0.001144,0.004460
1459,1459,0.001179,0.004290
1460,1460,0.001238,0.004633
1461,1461,0.001179,0.004347
1462,1462,0.001127,0.004345
1463,1463,0.001175,0.004912
1464,1464,0.001167,0.004499
1465,1465,0.001164,0.004579
1466,1466,0.001175,0.004288
1467,1467,0.001195,0.004583
1468,1468,0.001116,0.004793
1469,1469,0.001198,0.004700
1470,1470,0.001209,0.004767
1471,1471,0.001170,0.004393
1472,1472,0.001567,0.007164
1473,1473,0.001695,0.004693
1474,1474,0.001255,0.004522
1475,1475,0.001186,0.004466
1476,1476,0.001214,0.004764
1477,1477,0.001195,0.004627
1478,1478,0.001293,0.004697
1479,1479,0.001652,0.005471
1480,1480,0.001145,0.004138
1481,1481,0.001149,0.004437
1482,1482,0.001141,0.004499
1483,1483,0.001265,0.004668
1484,1484,0.001117,0.004358
1485,1485,0.001204,0.004398
1486,1486,0.001724,0.004664
1487,1487,0.001155,0.004063
1488,1488,0.001160,0.004572
1489,1489,0.001222,0.004330
1490,1490,0.001156,0.004189
1491,1491,0.001229,0.004442
1492,1492,0.001230,0.004441
1493,1493,0.001165,0.004409
1494,1494,0.001181,0.004365
1495,1495,0.001288,0.004211
1496,1496,0.001197,0.004629
1497,1497,0.001132,0.004474
1498,1498,0.001158,0.004516
1499,1499,0.001142,0.004326
1500,1500,0.001183,0.004242
1501,1501,0.001207,0.004681
1502,1502,0.001216,0.004524
1503,1503,0.001212,0.004686
1504,1504,0.001186,0.004924
1505,1505,0.001156,0.004199
1506,1506,0.001166,0.007972
1507,1507,0.001282,0.004795
1508,1508,0.001175,0.004178
1509,1509,0.001183,0.004538
1510,1510,0.001183,0.004512
1511,1511,0.001188,0.004415
1512,1512,0.001185,0.004420
1513,1513,0.001208,0.004715
1514,1514,0.001222,0.004829
1515,1515,0.001214,0.004504
1516,1516,0.001209,0.004659
1517,1517,0.001163,0.004335
1518,1518,0.001149,0.004631
1519,1519,0.001184,0.004596
1520,1520,0.001179,0.004664
1521,1521,0.001162,0.004342
1522,1522,0.001170,0.004486
1523,1523,0.001156,0.004391
1524,1524,0.001378,0.005008
1525,1525,0.001302,0.004653
1526,1526,0.001163,0.004548
1527,1527,0.001197,0.004508
1528,1528,0.001163,0.004353
1529,1529,0.001163,0.004650
1530,1530,0.001164,0.004655
1531,1531,0.001206,0.004715
1532,1532,0.001171,0.004360
1533,1533,0.001177,0.004685
1534,1534,0.001204,0.004860
1535,1535,0.001184,0.004331
1536,1536,0.001212,0.004360
1537,1537,0.001191,0.005020
1538,1538,0.001194,0.004449
1539,1539,0.001181,0.004872
1540,1540,0.001146,0.004361
1541,1541,0.001158,0.004773
1542,1542,0.001163,0.004676
1543,1543,0.001181,0.004703
1544,1544,0.001186,0.005347
1545,1545,0.001165,0.004589
1546,1546,0.001157,0.004727
1547,1547,0.001147,0.004587
1548,1548,0.001867,0.004161
1549,1549,0.001161,0.004378
1550,1550,0.001161,0.005008
1551,1551,0.001181,0.005372
1552,1552,0.001205,0.004623
1553,1553,0.001230,0.004564
1554,1554,0.001212,0.004377
1555,1555,0.001155,0.004923
1556,1556,0.001206,0.004491
1557,1557,0.001187,0.004533
1558,1558,0.001397,0.004682
1559,1559,0.001190,0.004412
1560,1560,0.001203,0.004846
1561,1561,0.001180,0.004675
1562,1562,0.001203,0.004459
1563,1563,0.001190,0.004995
1564,1564,0.001159,0.004757
1565,1565,0.001210,0.004855
1566,1566,0.001197,0.004679
1567,1567,0.001223,0.004296
1568,1568,0.001703,0.004883
1569,1569,0.001208,0.004623
1570,1570,0.001200,0.004486
1571,1571,0.001185,0.004827
1572,1572,0.002075,0.007074
1573,1573,0.001136,0.004578
1574,1574,0.001142,0.004314
1575,1575,0.001191,0.004431
1576,1576,0.001225,0.004677
1577,1577,0.001157,0.004799
1578,1578,0.001168,0.004521
1579,1579,0.001204,0.004564
1580,1580,0.001211,0.004510
1581,1581,0.001305,0.004540
1582,1582,0.001221,0.004565
1583,1583,0.001218,0.004712
1584,1584,0.001163,0.004559
1585,1585,0.001215,0.004944
1586,1586,0.001188,0.004603
1587,1587,0.001212,0.004732
1588,1588,0.001241,0.005029
1589,1589,0.001190,0.004581
1590,1590,0.001241,0.005165
1591,1591,0.001466,0.005053
1592,1592,0.001215,0.004989
1593,1593,0.001232,0.004976
1594,1594,0.001198,0.004921
1595,1595,0.001231,0.005100
1596,1596,0.002085,0.007088
1597,1597,0.001220,0.004688
1598,1598,0.001215,0.004794
1599,1599,0.001226,0.005060
1600,1600,0.001194,0.005067
1601,1601,0.001187,0.004703
1602,1602,0.001199,0.004774
1603,1603,0.001242,0.004908
1604,1604,0.001225,0.004683
1605,1605,0.001200,0.004634
1606,1606,0.001202,0.004521
1607,1607,0.001200,0.004903
1608,1608,0.001161,0.004475
1609,1609,0.001163,0.004703
1610,1610,0.001197,0.004759
1611,1611,0.001842,0.005761
1612,1612,0.001277,0.004610
1613,1613,0.001226,0.005116
1614,1614,0.001705,0.004878
1615,1615,0.001196,0.004396
1616,1616,0.001203,0.004520
1617,1617,0.001217,0.004603
1618,1618,0.001226,0.004680
1619,1619,0.001190,0.005222
1620,1620,0.001212,0.004542
1621,1621,0.001206,0.004262
1622,1622,0.001216,0.004890
1623,1623,0.001251,0.004733
1624,1624,0.001561,0.004716
1625,1625,0.001178,0.004506
1626,1626,0.001174,0.004696
1627,1627,0.001280,0.004996
1628,1628,0.001157,0.004767
1629,1629,0.001197,0.005090
1630,1630,0.001218,0.004960
1631,1631,0.001595,0.005233
1632,1632,0.001206,0.004877
1633,1633,0.001220,0.004574
1634,1634,0.001190,0.004404
1635,1635,0.001187,0.004867
1636,1636,0.002101,0.006507
1637,1637,0.001227,0.005244
1638,1638,0.001164,0.004811
1639,1639,0.001322,0.004702
1640,1640,0.001287,0.004622
1641,1641,0.001199,0.004878
1642,1642,0.001232,0.004903
1643,1643,0.001173,0.004487
1644,1644,0.001191,0.004888
1645,1645,0.001188,0.004995
1646,1646,0.001218,0.004510
1647,1647,0.001178,0.004941
1648,1648,0.001244,0.004661
1649,1649,0.001217,0.004939
1650,1650,0.001184,0.004492
1651,1651,0.001222,0.005103
1652,1652,0.001184,0.005187
1653,1653,0.001198,0.005050
1654,1654,0.001199,0.004844
1655,1655,0.001212,0.004395
1656,1656,0.001238,0.005269
1657,1657,0.001220,0.005171
1658,1658,0.001178,0.004760
1659,1659,0.001226,0.004958
1660,1660,0.001221,0.004915
1661,1661,0.001209,0.004931
1662,1662,0.001306,0.004828
1663,1663,0.001201,0.004337
1664,1664,0.001155,0.004504
1665,1665,0.001188,0.007142
1666,1666,0.001220,0.004708
1667,1667,0.001215,0.004558
1668,1668,0.001174,0.004762
1669,1669,0.001199,0.004443
1670,1670,0.001238,0.004723
1671,1671,0.001175,0.004623
1672,1672,0.001194,0.004786
1673,1673,0.001172,0.004886
1674,1674,0.001243,0.004659
1675,1675,0.001196,0.004901
1676,1676,0.001218,0.005162
1677,1677,0.001217,0.004878
1678,1678,0.001182,0.004800
1679,1679,0.001243,0.004678
1680,1680,0.001238,0.005210
1681,1681,0.001376,0.005310
1682,1682,0.001279,0.005058
1683,1683,0.001393,0.004876
1684,1684,0.001628,0.006927
1685,1685,0.001198,0.004786
1686,1686,0.001241,0.004809
1687,1687,0.001353,0.005269
1688,1688,0.001518,0.004855
1689,1689,0.001179,0.004636
1690,1690,0.001185,0.004505
1691,1691,0.001119,0.004934
1692,1692,0.001169,0.005013
1693,1693,0.001232,0.004961
1694,1694,0.001181,0.004971
1695,1695,0.001196,0.004827
1696,1696,0.001230,0.004737
1697,1697,0.001202,0.004641
1698,1698,0.001250,0.004974
1699,1699,0.002165,0.007515
1700,1700,0.001166,0.004642
1701,1701,0.001198,0.004726
1702,1702,0.001202,0.004720
1703,1703,0.001185,0.004619
1704,1704,0.001244,0.004787
1705,1705,0.001158,0.004563
1706,1706,0.001284,0.004874
1707,1707,0.001193,0.004543
1708,1708,0.001212,0.004850
1709,1709,0.001189,0.004671
1710,1710,0.001260,0.004823
1711,1711,0.001185,0.004726
1712,1712,0.001193,0.005084
1713,1713,0.001173,0.004810
1714,1714,0.001200,0.004689
1715,1715,0.001381,0.004861
1716,1716,0.001213,0.004958
1717,1717,0.001208,0.005196
1718,1718,0.001287,0.006314
1719,1719,0.001242,0.004845
1720,1720,0.001218,0.004976
1721,1721,0.001229,0.004683
1722,1722,0.001176,0.004971
1723,1723,0.001190,0.005038
1724,1724,0.001175,0.004633
1725,1725,0.001193,0.004823
1726,1726,0.001174,0.004647
1727,1727,0.001190,0.004663
1728,1728,0.001214,0.004970
1729,1729,0.001191,0.004867
1730,1730,0.001279,0.005170
1731,1731,0.001204,0.004916
1732,1732,0.001205,0.004903
1733,1733,0.001210,0.005034
1734,1734,0.001195,0.004930
1735,1735,0.001174,0.004824
1736,1736,0.001174,0.004543
1737,1737,0.001234,0.004614
1738,1738,0.001154,0.005103
1739,1739,0.001194,0.004957
1740,1740,0.001195,0.004914
1741,1741,0.001203,0.005118
1742,1742,0.001387,0.006806
1743,1743,0.001216,0.004968
1744,1744,0.001404,0.005036
1745,1745,0.001202,0.005031
1746,1746,0.001148,0.004961
1747,1747,0.001201,0.004908
1748,1748,0.001218,0.004991
1749,1749,0.001192,0.005403
1750,1750,0.001222,0.005102
1751,1751,0.001196,0.005163
1752,1752,0.001374,0.005249
1753,1753,0.001187,0.004989
1754,1754,0.001203,0.005777
1755,1755,0.001279,0.005573
1756,1756,0.001221,0.005119
1757,1757,0.001185,0.005188
1758,1758,0.001224,0.005182
1759,1759,0.001259,0.005145
1760,1760,0.001196,0.004799
1761,1761,0.001179,0.005127
1762,1762,0.001203,0.005188
1763,1763,0.001228,0.005247
1764,1764,0.001187,0.004971
1765,1765,0.001218,0.005405
1766,1766,0.001196,0.004927
1767,1767,0.001208,0.005065
1768,1768,0.001195,0.004688
1769,1769,0.001204,0.005437
1770,1770,0.001214,0.004858
1771,1771,0.001203,0.004842
1772,1772,0.001216,0.004988
1773,1773,0.001234,0.005167
1774,1774,0.001198,0.005153
1775,1775,0.001204,0.004975
1776,1776,0.001185,0.005310
1777,1777,0.001276,0.005438
1778,1778,0.001297,0.005073
1779,1779,0.001176,0.004918
1780,1780,0.001229,0.004968
1781,1781,0.001237,0.004971
1782,1782,0.001200,0.005215
1783,1783,0.002052,0.005658
1784,1784,0.001171,0.004768
1785,1785,0.001197,0.005249
1786,1786,0.001191,0.005492
1787,1787,0.001222,0.004822
1788,1788,0.001207,0.005128
1789,1789,0.001221,0.005098
1790,1790,0.001195,0.004856
1791,1791,0.001279,0.005085
1792,1792,0.001208,0.005245
1793,1793,0.001204,0.004942
1794,1794,0.001204,0.005057
1795,1795,0.001238,0.005232
1796,1796,0.001224,0.004724
1797,1797,0.001238,0.005133
1798,1798,0.001200,0.004929
1799,1799,0.001232,0.005293
1800,1800,0.001234,0.004801
1801,1801,0.001185,0.004799
1802,1802,0.001812,0.005770
1803,1803,0.001199,0.006026
1804,1804,0.001236,0.005359
1805,1805,0.001202,0.005365
1806,1806,0.001268,0.005212
1807,1807,0.001206,0.004971
1808,1808,0.001196,0.005304
1809,1809,0.001251,0.005005
1810,1810,0.001203,0.005114
1811,1811,0.001193,0.005105
1812,1812,0.001294,0.005018
1813,1813,0.001230,0.005076
1814,1814,0.001215,0.005289
1815,1815,0.001244,0.005039
1816,1816,0.001249,0.005462
1817,1817,0.001319,0.005456
1818,1818,0.001209,0.005158
1819,1819,0.001224,0.005078
1820,1820,0.001272,0.005046
1821,1821,0.001209,0.005188
1822,1822,0.001226,0.005299
1823,1823,0.001228,0.005496
1824,1824,0.001235,0.005140
1825,1825,0.001195,0.004973
1826,1826,0.001207,0.005120
1827,1827,0.001291,0.009259
1828,1828,0.001248,0.005382
1829,1829,0.001235,0.005068
1830,1830,0.001200,0.005174
1831,1831,0.001246,0.005159
1832,1832,0.001194,0.005316
1833,1833,0.001253,0.005311
1834,1834,0.001180,0.005090
1835,1835,0.001202,0.004759
1836,1836,0.001221,0.005013
1837,1837,0.001249,0.005079
1838,1838,0.001201,0.005260
1839,1839,0.001224,0.005280
1840,1840,0.001167,0.006003
1841,1841,0.001244,0.005162
1842,1842,0.001249,0.005340
1843,1843,0.002083,0.011171
1844,1844,0.002636,0.007549
1845,1845,0.003263,0.006984
1846,1846,0.001643,0.009649
1847,1847,0.003506,0.009991
1848,1848,0.003777,0.013030
1849,1849,0.003261,0.012667
1850,1850,0.001895,0.006533
1851,1851,0.004433,0.009637
1852,1852,0.001325,0.005477
1853,1853,0.001227,0.005693
1854,1854,0.001262,0.005099
1855,1855,0.001245,0.005834
1856,1856,0.001246,0.005188
1857,1857,0.001677,0.006753
1858,1858,0.001270,0.005343
1859,1859,0.001261,0.005023
1860,1860,0.001237,0.005337
1861,1861,0.001239,0.005188
1862,1862,0.001230,0.005283
1863,1863,0.001221,0.005412
1864,1864,0.001248,0.005114
1865,1865,0.001283,0.005523
1866,1866,0.001200,0.005072
1867,1867,0.001230,0.005171
1868,1868,0.001280,0.005665
1869,1869,0.001211,0.004893
1870,1870,0.001218,0.005369
1871,1871,0.001257,0.005042
1872,1872,0.001238,0.005053
1873,1873,0.001346,0.005821
1874,1874,0.001303,0.005380
1875,1875,0.001403,0.005268
1876,1876,0.002199,0.009277
1877,1877,0.001276,0.006351
1878,1878,0.001255,0.005067
1879,1879,0.001234,0.005709
1880,1880,0.001193,0.005383
1881,1881,0.001218,0.005052
1882,1882,0.001189,0.005109
1883,1883,0.001242,0.005460
1884,1884,0.001198,0.005349
1885,1885,0.001210,0.005391
1886,1886,0.001244,0.005120
1887,1887,0.001267,0.006170
1888,1888,0.001189,0.005351
1889,1889,0.001227,0.005319
1890,1890,0.001241,0.005353
1891,1891,0.001252,0.005719
1892,1892,0.001219,0.005170
1893,1893,0.001181,0.005412
1894,1894,0.001206,0.005153
1895,1895,0.001194,0.005020
1896,1896,0.001247,0.005260
1897,1897,0.001249,0.005214
1898,1898,0.001224,0.005386
1899,1899,0.001424,0.005284
1900,1900,0.001230,0.005345
1901,1901,0.001273,0.005216
1902,1902,0.001227,0.005866
1903,1903,0.001237,0.005156
1904,1904,0.001245,0.005480
1905,1905,0.001236,0.005118
1906,1906,0.001251,0.005471
1907,1907,0.001283,0.005254
1908,1908,0.002078,0.005846
1909,1909,0.001232,0.005708
1910,1910,0.001230,0.005000
1911,1911,0.001239,0.005364
1912,1912,0.001264,0.005353
1913,1913,0.001252,0.005235
1914,1914,0.001349,0.005076
1915,1915,0.001204,0.005997
1916,1916,0.001194,0.005301
1917,1917,0.001249,0.005315
1918,1918,0.001255,0.005950
1919,1919,0.001252,0.005066
1920,1920,0.001245,0.005180
1921,1921,0.001349,0.005742
1922,1922,0.001245,0.005477
1923,1923,0.001219,0.005330
1924,1924,0.001237,0.005082
1925,1925,0.001271,0.005624
1926,1926,0.001277,0.005091
1927,1927,0.001234,0.005347
1928,1928,0.001216,0.005620
1929,1929,0.001377,0.005314
1930,1930,0.001248,0.005219
1931,1931,0.001231,0.005264
1932,1932,0.001226,0.005306
1933,1933,0.001226,0.005668
1934,1934,0.001269,0.005384
1935,1935,0.001230,0.005408
1936,1936,0.002255,0.005873
1937,1937,0.001230,0.005320
1938,1938,0.001192,0.005344
1939,1939,0.001201,0.005455
1940,1940,0.001235,0.005503
1941,1941,0.001207,0.005066
1942,1942,0.001245,0.005369
1943,1943,0.001267,0.004982
1944,1944,0.001240,0.005982
1945,1945,0.001201,0.005233
1946,1946,0.001499,0.006267
1947,1947,0.001202,0.005362
1948,1948,0.001257,0.005537
1949,1949,0.001222,0.005482
1950,1950,0.001242,0.005109
1951,1951,0.001210,0.005509
1952,1952,0.001253,0.005081
1953,1953,0.001481,0.005880
1954,1954,0.001286,0.005324
1955,1955,0.001223,0.005373
1956,1956,0.001232,0.005197
1957,1957,0.001249,0.005192
1958,1958,0.001261,0.005404
1959,1959,0.001250,0.005442
1960,1960,0.001214,0.005241
1961,1961,0.001213,0.005006
1962,1962,0.001210,0.005181
1963,1963,0.001257,0.005388
1964,1964,0.001278,0.005462
1965,1965,0.001215,0.005282
1966,1966,0.001275,0.005689
1967,1967,0.001282,0.005224
1968,1968,0.001369,0.005374
1969,1969,0.001249,0.005306
1970,1970,0.001231,0.006325
1971,1971,0.001251,0.005372
1972,1972,0.001258,0.006209
1973,1973,0.001412,0.005182
1974,1974,0.001831,0.005560
1975,1975,0.001222,0.005601
1976,1976,0.001233,0.005107
1977,1977,0.001204,0.005358
1978,1978,0.001256,0.005500
1979,1979,0.001244,0.005454
1980,1980,0.001273,0.005531
1981,1981,0.001284,0.005435
1982,1982,0.001209,0.005299
1983,1983,0.001195,0.005347
1984,1984,0.001231,0.005527
1985,1985,0.001239,0.005351
1986,1986,0.001266,0.005639
1987,1987,0.001264,0.005746
1988,1988,0.001272,0.005267
1989,1989,0.001267,0.005196
1990,1990,0.001248,0.005522
1991,1991,0.001291,0.005533
1992,1992,0.001298,0.005684
1993,1993,0.001515,0.006333
1994,1994,0.002364,0.008681
1995,1995,0.001227,0.005505
1996,1996,0.001286,0.005065
1997,1997,0.001234,0.005529
1998,1998,0.001207,0.005441
1999,1999,0.001227,0.006060
2000,2000,0.001539,0.005430
2001,2001,0.001249,0.005521
2002,2002,0.001254,0.005473
2003,2003,0.001220,0.005582
2004,2004,0.001264,0.005584
2005,2005,0.001208,0.005466
2006,2006,0.001276,0.005134
2007,2007,0.001244,0.005453
2008,2008,0.001269,0.005604
2009,2009,0.001251,0.005626
2010,2010,0.001225,0.005593
2011,2011,0.001296,0.005430
2012,2012,0.001238,0.005468
2013,2013,0.001245,0.005662
2014,2014,0.001266,0.005555
2015,2015,0.001207,0.005546
2016,2016,0.002030,0.005604
2017,2017,0.001239,0.005672
2018,2018,0.001286,0.005654
2019,2019,0.001260,0.005671
2020,2020,0.001248,0.005813
2021,2021,0.001262,0.005288
2022,2022,0.001250,0.005295
2023,2023,0.001268,0.005701
2024,2024,0.001270,0.006206
2025,2025,0.001266,0.005277
2026,2026,0.001296,0.005363
2027,2027,0.002848,0.006267
2028,2028,0.001262,0.005589
2029,2029,0.001209,0.005485
2030,2030,0.001387,0.005828
2031,2031,0.001276,0.006037
2032,2032,0.001250,0.005616
2033,2033,0.001338,0.005642
2034,2034,0.001848,0.007500
2035,2035,0.001251,0.005546
2036,2036,0.001246,0.005642
2037,2037,0.001249,0.005394
2038,2038,0.001266,0.005667
2039,2039,0.001247,0.005834
2040,2040,0.001285,0.005531
2041,2041,0.001270,0.005794
2042,2042,0.001265,0.005940
2043,2043,0.001277,0.005644
2044,2044,0.001246,0.006053
2045,2045,0.001398,0.005551
2046,2046,0.001257,0.005731
2047,2047,0.001249,0.005514
2048,2048,0.001288,0.005893
2049,2049,0.001319,0.005705
2050,2050,0.001250,0.005494
2051,2051,0.002263,0.008193
2052,2052,0.001297,0.005721
2053,2053,0.001298,0.005908
2054,2054,0.001255,0.005671
2055,2055,0.001222,0.005747
2056,2056,0.001249,0.005541
2057,2057,0.001304,0.005512
2058,2058,0.001245,0.005833
2059,2059,0.001277,0.005494
2060,2060,0.001303,0.005700
2061,2061,0.001241,0.005686
2062,2062,0.001265,0.005483
2063,2063,0.001269,0.006315
2064,2064,0.001295,0.005799
2065,2065,0.001264,0.006354
2066,2066,0.001248,0.006406
2067,2067,0.002539,0.005902
2068,2068,0.001281,0.005720
2069,2069,0.001637,0.005503
2070,2070,0.001279,0.005772
2071,2071,0.001246,0.005509
2072,2072,0.001245,0.005644
2073,2073,0.001299,0.005580
2074,2074,0.001287,0.005567
2075,2075,0.001197,0.005647
2076,2076,0.001342,0.005844
2077,2077,0.001275,0.005661
2078,2078,0.001277,0.005732
2079,2079,0.001236,0.005575
2080,2080,0.001240,0.005678
2081,2081,0.001285,0.005591
2082,2082,0.001259,0.006548
2083,2083,0.001266,0.005624
2084,2084,0.001223,0.005647
2085,2085,0.001765,0.006689
2086,2086,0.001403,0.005973
2087,2087,0.001262,0.005409
2088,2088,0.001287,0.005404
2089,2089,0.001268,0.005793
2090,2090,0.001231,0.006358
2091,2091,0.001255,0.005455
2092,2092,0.001284,0.005673
2093,2093,0.001262,0.005950
2094,2094,0.001344,0.005795
2095,2095,0.001259,0.005670
2096,2096,0.001269,0.005751
2097,2097,0.001394,0.005918
2098,2098,0.001289,0.006312
2099,2099,0.001281,0.005658
2100,2100,0.001269,0.005801
2101,2101,0.001273,0.006160
2102,2102,0.001240,0.005547
2103,2103,0.001292,0.005800
2104,2104,0.002069,0.005715
2105,2105,0.001267,0.005266
2106,2106,0.001304,0.005467
2107,2107,0.002461,0.010703
2108,2108,0.001295,0.005647
2109,2109,0.001297,0.005659
2110,2110,0.001369,0.005820
2111,2111,0.001278,0.005476
2112,2112,0.001261,0.005841
2113,2113,0.001292,0.006249
2114,2114,0.001239,0.005534
2115,2115,0.001290,0.005629
2116,2116,0.001261,0.008225
2117,2117,0.001270,0.005514
2118,2118,0.001298,0.005746
2119,2119,0.001482,0.005852
2120,2120,0.001299,0.005830
2121,2121,0.001286,0.005811
2122,2122,0.001339,0.005602
2123,2123,0.001254,0.005794
2124,2124,0.001274,0.005813
2125,2125,0.001388,0.006101
2126,2126,0.001244,0.005594
2127,2127,0.001290,0.005659
2128,2128,0.001293,0.005698
2129,2129,0.001273,0.005495
2130,2130,0.001281,0.005775
2131,2131,0.001243,0.005581
2132,2132,0.001256,0.005762
2133,2133,0.001273,0.005751
2134,2134,0.001256,0.005586
2135,2135,0.001395,0.005659
2136,2136,0.001267,0.005776
2137,2137,0.001305,0.006101
2138,2138,0.001253,0.005630
2139,2139,0.001307,0.006093
2140,2140,0.001253,0.005616
2141,2141,0.001249,0.005675
2142,2142,0.001295,0.005966
2143,2143,0.001284,0.005789
2144,2144,0.001305,0.005745
2145,2145,0.001288,0.006234
2146,2146,0.001280,0.005666
2147,2147,0.001240,0.005676
2148,2148,0.001232,0.005931
2149,2149,0.001254,0.005781
2150,2150,0.001235,0.005618
2151,2151,0.001307,0.005606
2152,2152,0.001317,0.005916
2153,2153,0.001266,0.005665
2154,2154,0.001275,0.005640
2155,2155,0.001311,0.005837
2156,2156,0.001273,0.005611
2157,2157,0.001254,0.005534
2158,2158,0.001264,0.005673
2159,2159,0.001339,0.006865
2160,2160,0.001312,0.005651
2161,2161,0.001333,0.005781
2162,2162,0.001292,0.005659
2163,2163,0.001275,0.009661
2164,2164,0.001371,0.005807
2165,2165,0.001291,0.005639
2166,2166,0.001259,0.006691
2167,2167,0.001278,0.005916
2168,2168,0.001270,0.005922
2169,2169,0.001848,0.006417
2170,2170,0.001347,0.005911
2171,2171,0.001238,0.005986
2172,2172,0.001292,0.005704
2173,2173,0.001291,0.005610
2174,2174,0.001303,0.005734
2175,2175,0.001277,0.005724
2176,2176,0.001246,0.005745
2177,2177,0.001264,0.005548
2178,2178,0.001256,0.005757
2179,2179,0.001339,0.005529
2180,2180,0.001269,0.005626
2181,2181,0.001248,0.005905
2182,2182,0.001254,0.005614
2183,2183,0.001299,0.005635
2184,2184,0.001280,0.005734
2185,2185,0.001306,0.005602
2186,2186,0.001251,0.005667
2187,2187,0.001272,0.006116
2188,2188,0.001328,0.005751
2189,2189,0.001296,0.005499
2190,2190,0.001336,0.005873
2191,2191,0.001297,0.005758
2192,2192,0.001266,0.005514
2193,2193,0.001276,0.005835
2194,2194,0.001310,0.005918
2195,2195,0.001265,0.005517
2196,2196,0.001254,0.005775
2197,2197,0.001275,0.005802
2198,2198,0.001277,0.005746
2199,2199,0.001275,0.005645
2200,2200,0.001326,0.005734
2201,2201,0.001303,0.006242
2202,2202,0.001363,0.006140
2203,2203,0.001280,0.005673
2204,2204,0.001340,0.005628
2205,2205,0.001292,0.005624
2206,2206,0.001244,0.005747
2207,2207,0.001276,0.005838
2208,2208,0.001279,0.005869
2209,2209,0.001296,0.005574
2210,2210,0.001447,0.005975
2211,2211,0.001266,0.005741
2212,2212,0.001284,0.005870
2213,2213,0.001279,0.005862
2214,2214,0.001287,0.007035
2215,2215,0.001296,0.005631
2216,2216,0.001288,0.005907
2217,2217,0.001300,0.005643
2218,2218,0.001270,0.005663
2219,2219,0.001304,0.009973
2220,2220,0.001879,0.005762
2221,2221,0.001291,0.006095
2222,2222,0.001268,0.006069
2223,2223,0.001301,0.006000
2224,2224,0.001320,0.005720
2225,2225,0.001283,0.005846
2226,2226,0.001278,0.005795
2227,2227,0.001320,0.005735
2228,2228,0.001245,0.006093
2229,2229,0.001299,0.005738
2230,2230,0.001269,0.005811
2231,2231,0.001270,0.005890
2232,2232,0.001259,0.006104
2233,2233,0.001308,0.005752
2234,2234,0.001295,0.006454
2235,2235,0.001251,0.005722
2236,2236,0.001976,0.008551
2237,2237,0.001315,0.005847
2238,2238,0.001266,0.005641
2239,2239,0.001274,0.005781
2240,2240,0.001274,0.006229
2241,2241,0.001286,0.006759
2242,2242,0.001265,0.005746
2243,2243,0.001316,0.005666
2244,2244,0.001323,0.006163
2245,2245,0.001300,0.005907
2246,2246,0.001286,0.005648
2247,2247,0.001330,0.005855
2248,2248,0.001312,0.005891
2249,2249,0.001273,0.005796
2250,2250,0.001420,0.006089
2251,2251,0.001319,0.005694
2252,2252,0.001291,0.005988
2253,2253,0.001323,0.005943
2254,2254,0.001290,0.005557
2255,2255,0.001276,0.005846
2256,2256,0.001267,0.006504
2257,2257,0.001281,0.005826
2258,2258,0.001316,0.005919
2259,2259,0.001308,0.005847
2260,2260,0.001305,0.005862
2261,2261,0.001271,0.005853
2262,2262,0.001335,0.005773
2263,2263,0.001294,0.005750
2264,2264,0.001274,0.005864
2265,2265,0.001316,0.006148
2266,2266,0.001299,0.005599
2267,2267,0.001264,0.005661
2268,2268,0.001385,0.006328
2269,2269,0.001299,0.005868
2270,2270,0.001319,0.005797
2271,2271,0.001289,0.005870
2272,2272,0.001298,0.006100
2273,2273,0.001282,0.006347
2274,2274,0.001339,0.006006
2275,2275,0.001311,0.008204
2276,2276,0.001298,0.005740
2277,2277,0.001297,0.005757
2278,2278,0.001265,0.006385
2279,2279,0.001296,0.005717
2280,2280,0.001323,0.008082
2281,2281,0.001306,0.005751
2282,2282,0.001444,0.005887
2283,2283,0.001304,0.005941
2284,2284,0.001311,0.005826
2285,2285,0.001276,0.005750
2286,2286,0.001294,0.005742
2287,2287,0.001375,0.006408
2288,2288,0.001340,0.005927
2289,2289,0.001308,0.005730
2290,2290,0.001284,0.005882
2291,2291,0.001292,0.005742
2292,2292,0.001940,0.007953
2293,2293,0.001336,0.005855
2294,2294,0.001313,0.005928
2295,2295,0.002570,0.006155
2296,2296,0.001301,0.006086
2297,2297,0.001314,0.005845
2298,2298,0.001329,0.005914
2299,2299,0.001304,0.005823
2300,2300,0.001316,0.005959
2301,2301,0.001298,0.006084
2302,2302,0.001336,0.006088
2303,2303,0.001297,0.005652
2304,2304,0.001299,0.005771
2305,2305,0.001329,0.005913
2306,2306,0.001317,0.005922
2307,2307,0.001318,0.005920
2308,2308,0.001311,0.005889
2309,2309,0.001297,0.005856
2310,2310,0.001827,0.007111
2311,2311,0.001314,0.005940
2312,2312,0.001290,0.005936
2313,2313,0.001320,0.005907
2314,2314,0.001320,0.005876
2315,2315,0.001319,0.005869
2316,2316,0.001305,0.005786
2317,2317,0.001521,0.006200
2318,2318,0.001373,0.005940
2319,2319,0.001340,0.005948
2320,2320,0.001309,0.005848
2321,2321,0.001326,0.005898
2322,2322,0.001333,0.005893
2323,2323,0.001290,0.006532
2324,2324,0.002449,0.007751
2325,2325,0.001330,0.006152
2326,2326,0.001322,0.006202
2327,2327,0.001344,0.005812
2328,2328,0.001929,0.005923
2329,2329,0.001330,0.005810
2330,2330,0.001462,0.006020
2331,2331,0.001364,0.006089
2332,2332,0.001332,0.005872
2333,2333,0.001344,0.005848
2334,2334,0.001321,0.006056
2335,2335,0.001382,0.005777
2336,2336,0.001297,0.005964
2337,2337,0.001319,0.005895
2338,2338,0.001299,0.006096
2339,2339,0.001321,0.005770
2340,2340,0.001371,0.006043
2341,2341,0.001417,0.005905
2342,2342,0.001321,0.005884
2343,2343,0.001345,0.006221
2344,2344,0.001756,0.005960
2345,2345,0.001775,0.008320
2346,2346,0.001310,0.005793
2347,2347,0.001284,0.006654
2348,2348,0.001351,0.005991
2349,2349,0.001323,0.005788
2350,2350,0.001286,0.005912
2351,2351,0.001306,0.006046
2352,2352,0.001274,0.005855
2353,2353,0.001326,0.005837
2354,2354,0.001366,0.006183
2355,2355,0.001320,0.005902
2356,2356,0.001314,0.005846
2357,2357,0.001352,0.005850
2358,2358,0.001305,0.005864
2359,2359,0.001484,0.005964
2360,2360,0.001325,0.006391
2361,2361,0.001338,0.005861
2362,2362,0.001501,0.006155
2363,2363,0.001326,0.005888
2364,2364,0.001309,0.005997
2365,2365,0.001300,0.006520
2366,2366,0.001299,0.006152
2367,2367,0.001318,0.005930
2368,2368,0.001317,0.005955
2369,2369,0.001315,0.007191
2370,2370,0.001323,0.006104
2371,2371,0.001353,0.006000
2372,2372,0.001344,0.005957
2373,2373,0.001523,0.006110
2374,2374,0.001297,0.005988
2375,2375,0.001367,0.006295
2376,2376,0.001333,0.006290
2377,2377,0.002464,0.010877
2378,2378,0.001325,0.005949
2379,2379,0.001319,0.006012
2380,2380,0.001335,0.005865
2381,2381,0.001317,0.005956
2382,2382,0.001318,0.005791
2383,2383,0.001297,0.005848
2384,2384,0.001329,0.005959
2385,2385,0.001455,0.005975
2386,2386,0.001352,0.005995
2387,2387,0.001342,0.005967
2388,2388,0.001346,0.005864
2389,2389,0.001465,0.007368
2390,2390,0.001385,0.006181
2391,2391,0.001307,0.005955
2392,2392,0.001321,0.005943
2393,2393,0.001317,0.005901
2394,2394,0.001344,0.005963
2395,2395,0.001321,0.005954
2396,2396,0.001338,0.005868
2397,2397,0.001447,0.005989
2398,2398,0.001304,0.005889
2399,2399,0.001387,0.006439
2400,2400,0.001337,0.006697